category,published_date,title,url,archived_on
Ανακοινώσεις Προπτυχιακού,2026-09-25,ΠΜΣ: ΑΠΟΤΕΛΕΣΜΑΤΑ ΕΙΣΑΓΩΓΙΚΩΝ ΕΞΕΤΑΣEΩΝ 2026-27,https://cmc.panteion.gr/news-and-announcements/proptyxiakoy/e-2026-27,2026-09-26
Ανακοινώσεις Προπτυχιακού,2026-09-25,Αποτελέσματα επιλογής των φοιτητών/φοιτητριών για συμμετοχή σε προγράμματα Erasmus+ BIP.,https://cmc.panteion.gr/news-and-announcements/proptyxiakoy/erasmus-bip,2026-09-26
Ανακοινώσεις Προπτυχιακού,2026-09-25,Έναρξη Ηλεκτρονικών Αιτήσεων Μετεγγραφών/Μετακινήσεων Φοιτητών 2026,https://cmc.panteion.gr/news-and-announcements/proptyxiakoy/meteggrafes2026,2026-09-26
Ανακοινώσεις Προπτυχιακού,2026-09-23,"ΠΜΣ: Αποτελέσματα γραπτών-εισαγωγικών εξετάσεων και πρόγραμμα συνεντεύξεων της κατεύθυνσης «Κοινωνία της Πληροφορίας, Νέα Μέσα και Τεχνολογία» (2)",https://cmc.panteion.gr/news-and-announcements/proptyxiakoy/pms-apotelesmata-grapton-eisagogikon-eksetaseon-kai-programma-synenteykseon-tis-kateythynsis-koinonia-tis-pliroforias-nea-mesa-kai-texnologia-2026,2026-09-26
Ανακοινώσεις Προπτυχιακού,2026-09-22,Ανώτατη διάρκεια φοίτησης,https://cmc.panteion.gr/news-and-announcements/proptyxiakoy/anotati-diarkeia-foitisis,2026-09-26
Ανακοινώσεις Προπτυχιακού,2026-09-16,"ΠΜΣ: Χρονοδιάγραμμα γραπτών-εισαγωγικών εξετάσεων & προφορικών συνεντεύξεων στην κατεύθυνση ""Κοινωνία της Πληροφορίας, Μέσα και Τεχνολογία""",https://cmc.panteion.gr/news-and-announcements/proptyxiakoy/xronodiagramma,2026-09-26
Ανακοινώσεις Προπτυχιακού,2026-09-11,"Ανακοίνωση εγγραφής των εισαγομένων με την ειδική κατηγορία των Αλλοδαπών-Αλλογενών (Αποφοίτων Λυκείων εκτός ΕΕ), των Αποφοίτων Λυκείων ή αντίστοιχων Σχολείων Κρατών-Μελών της Ε.Ε.",https://cmc.panteion.gr/news-and-announcements/proptyxiakoy/anakoinosi-eggrafis-ton-eisagomenon-me-tin-eidiki-katigoria-ton-allodapon-allogenon-apofoiton-lykeion-ektos-ee-ton-apofoiton-lykeion-i-antistoixon-sxoleion-kraton-melon-tis-ee,2026-09-26
Ανακοινώσεις Προπτυχιακού,2026-09-11,ΟΔΗΓΙΕΣ ΓΙΑ ΤΗΝ ΟΛΟΚΛΗΡΩΣΗ ΕΓΓΡΑΦΗΣ ΤΩΝ ΝΕΟΕΙΣΑΧΘΕΝΤΩΝ ΦΟΙΤΗΤΩΝ ΑΚΑΔΗΜ. ΕΤΟΥΣ 2026-2027,https://cmc.panteion.gr/news-and-announcements/proptyxiakoy/oloklirosi-eggrafis-neoeisaxthenton-2026-2027,2026-09-26
Ανακοινώσεις Προπτυχιακού,2026-09-07,"Πρόσκληση υποβολής Αίτησης υποψηφιότητας στο πλαίσιο του προγράμματος Erasmus+ BIP, «Urban Innovation & Startup Incubation»",https://cmc.panteion.gr/news-and-announcements/proptyxiakoy/erasmus-bip-urban-innovation-startup-incubation,2026-09-26
Ανακοινώσεις Προπτυχιακού,2026-09-07,"Πρόσκληση υποβολής Αίτησης υποψηφιότητας στο πλαίσιο του προγράμματος Erasmus+ BIP, «Crisis Communication»",https://cmc.panteion.gr/news-and-announcements/proptyxiakoy/erasmus-bip-crisis-communication-2026,2026-09-26
Ανακοινώσεις Προπτυχιακού,2026-09-07,"ΠΜΣ: Χρονοδιάγραμμα γραπτών-εισαγωγικών εξετάσεων & προφορικών συνεντεύξεων στην κατεύθυνση ""Κοινωνία της Πληροφορίας, Μέσα και Τεχνολογία""",https://cmc.panteion.gr/news-and-announcements/proptyxiakoy/2025-27,2026-09-26
Ανακοινώσεις Προπτυχιακού,2026-09-07,Πρόγραμμα Διδασκαλίας Χειμερινού Εξαμήνου Ακαδημαϊκού Έτους 2026-2027,https://cmc.panteion.gr/news-and-announcements/proptyxiakoy/programma-xeimerino-2026-2027,2026-09-26
Ανακοινώσεις Προπτυχιακού,2026-09-07,"Μεταπτυχιακό Δίπλωμα Ειδίκευσης στην Κοινωνία της Πληροφορίας, Μέσα και Τεχνολογία: Παράταση υποβολής αιτήσεων έως τη Δευτέρα 7 Σεπτεμβρίου 2026 (2)",https://cmc.panteion.gr/news-and-announcements/proptyxiakoy/pms-paratasi-2,2026-09-26
Ανακοινώσεις Προπτυχιακού,2026-08-27,Μετάθεση επαναληπτικών εξετάσεων Σεπτεμβρίου για τα μαθήματα της κ. Τσακαρέστου,https://cmc.panteion.gr/news-and-announcements/proptyxiakoy/metathesi-epanaliptikon-eksetaseon-septemvriou-gia-ta-mathimata-tis-k-tsakarestou,2026-09-26
Ανακοινώσεις Προπτυχιακού,2026-08-25,Ακαδημαϊκό Ημερολόγιο ακαδημαϊκού έτους 2026-2027,https://cmc.panteion.gr/news-and-announcements/proptyxiakoy/2026-2028,2026-09-26
Ανακοινώσεις Προπτυχιακού,2026-07-24,"ΠΡΟΚΗΡΥΞΗ ΠΡΟΓΡΑΜΜΑΤΟΣ ΜΕΤΑΠΤΥΧΙΑΚΩΝ ΣΠΟΥΔΩΝ:  Μεταπτυχιακό Δίπλωμα Ειδίκευσης στην Κοινωνία της Πληροφορίας, Μέσα και Τεχνολογία",https://cmc.panteion.gr/news-and-announcements/proptyxiakoy/prokiryksi-programmatos-metaptyxiakon-spoudon-metaptyxiako-diploma-eidikefsis-stin-koinonia-tis-pliroforias-mesa-kai-texnologia-2,2026-09-26
Ανακοινώσεις Προπτυχιακού,2026-07-16,Πληροφόρηση φοιτητών/τριών σχετικά με το νέο username πρόσβασης στις υπηρεσίες του Ιδρύματος,https://cmc.panteion.gr/news-and-announcements/proptyxiakoy/username,2026-09-26
Ανακοινώσεις Προπτυχιακού,2026-07-08,Εισαγωγή στην Επιστήμη του Ιστού: Τελική-Αναλυτική Βαθμολογία,https://cmc.panteion.gr/news-and-announcements/proptyxiakoy/dounas-final-marks-july-2026,2026-09-26
Ανακοινώσεις Προπτυχιακού,2026-07-06,Αλλαγή usernames φοιτητών στις υπηρεσίες αυθεντικοποίησης (SSO),https://cmc.panteion.gr/news-and-announcements/proptyxiakoy/usernames-sso,2026-09-26
Ανακοινώσεις Προπτυχιακού,2026-07-02,Αιτήσεις Ορκωμοσίας Εξεταστικής Εαρινού Εξαμήνου 2025-2026,https://cmc.panteion.gr/news-and-announcements/proptyxiakoy/aitiseis-orkomosias-eksetastikis-earinoy-eksaminou-2025-2026,2026-09-26
Ανακοινώσεις Προπτυχιακού,2026-06-15,Ενεργοποίηση Πρόσβασης στις Υπηρεσίες Microsoft 365 για τους φοιτητές-ήτριες και των Τριών Κύκλων Σπουδών,https://cmc.panteion.gr/news-and-announcements/proptyxiakoy/microsoft-365,2026-09-26
Ανακοινώσεις Προπτυχιακού,2026-06-04,Ανακοίνωση αποτελεσμάτων επιλογής στα 2 BIPs | A. Perfumes in the French Riviera: From the field to the bottle | B. Yachting Excellence in the French Riviera,https://cmc.panteion.gr/news-and-announcements/proptyxiakoy/2-bips-a-perfumes-in-the-french-riviera-from-the-field-to-the-bottle-b-yachting-excellence-in-the-french-riviera,2026-09-26
Ανακοινώσεις Προπτυχιακού,2026-06-02,Υλικός πολιτισμός: Μελέτη και ερμηνεία,https://cmc.panteion.gr/news-and-announcements/proptyxiakoy/ylikos,2026-09-26
Ανακοινώσεις Προπτυχιακού,2026-06-01,Αλλαγή στις ώρες εξέτασης στα μαθήματα της κ. Τσακαρέστου,https://cmc.panteion.gr/news-and-announcements/proptyxiakoy/allagi-stis-ores-eksetasis-sta-mathimata-tis-k-tsakarestou,2026-09-26
Ανακοινώσεις Προπτυχιακού,2026-05-31,ΠΡΟΓΡΑΜΜΑ ΕΠΑΝΑΛΗΠΤΙΚΗΣ ΕΞΕΤΑΣΤΙΚΗΣ ΣΕΠΤΕΜΒΡΙΟΥ 2026,https://cmc.panteion.gr/news-and-announcements/proptyxiakoy/programma-epanaliptikis-extastikis-septemvriou-2026,2026-09-26
Ανακοινώσεις Προπτυχιακού,2026-05-30,Στατιστικός Γραμματισμός στα Ψηφιακά Μέσα και στην Πληροφορία: Ημερομηνία εξέτασης,https://cmc.panteion.gr/news-and-announcements/proptyxiakoy/statistikos-grammatismos-sta-psifiaka-mesa-kai-stin-pliroforia-imerominia-eksetasis,2026-09-26
Ανακοινώσεις Προπτυχιακού,2026-05-29,Πολιτιστικές και Δημιουργικές Βιομηχανίες: Αναβολή Μαθήματος Τρίτης 2/6 - Αναπλήρωση Πέμπτη 4/6 Δ12 18:00 - 21:00,https://cmc.panteion.gr/news-and-announcements/proptyxiakoy/2-6-4-6-12-18-00-21-00,2026-09-26
Ανακοινώσεις Προπτυχιακού,2026-05-29,"Αφήγηση, Ταυτότητα και Επικοινωνία: Αναβολή διδασκαλίας την Παρασκευή, 29 Μαΐου 2026",https://cmc.panteion.gr/news-and-announcements/proptyxiakoy/29-2026,2026-09-26
Ανακοινώσεις Προπτυχιακού,2026-05-28,Επικοινωνία και Γλώσσα: Αναβολή διδασκαλίας 28 Μαΐου 2026,https://cmc.panteion.gr/news-and-announcements/proptyxiakoy/28-2026,2026-09-26
Ανακοινώσεις Προπτυχιακού,2026-05-27,Εισαγωγή στην Κυβερνοψυχολογία:  Δε θα διδαχθεί την Τρίτη 2 Ιουνίου,https://cmc.panteion.gr/news-and-announcements/proptyxiakoy/2-2,2026-09-26
Ανακοινώσεις Προπτυχιακού,2026-05-27,Ψηφιακές Μέθοδοι και Έρευνα στο Διαδίκτυο:  Δε θα διδαχθεί την Πέμπτη 4 Ιουνίου,https://cmc.panteion.gr/news-and-announcements/proptyxiakoy/2-3,2026-09-26
Ανακοινώσεις Προπτυχιακού,2026-05-26,ΥΠΕΝΘΥΜΙΣΗ ΠΑΡΑΛΑΒΗΣ ΣΥΓΓΡΑΜΑΤΩΝ: Καταληκτική ημερομηνιά - Τετάρτη 3 Ιουνίου,https://cmc.panteion.gr/news-and-announcements/proptyxiakoy/3-2,2026-09-26
Ανακοινώσεις Προπτυχιακού,2026-05-19,"Πρόσκληση υποβολής Αίτησης υποψηφιότητας στο πλαίσιο του προγράμματος Erasmus+ BIP, «Yachting Excellence on the French Riviera!»",https://cmc.panteion.gr/news-and-announcements/proptyxiakoy/erasmus-bip-yachting-excellence-on-the-french-riviera,2026-09-26
Ανακοινώσεις Προπτυχιακού,2026-05-19,Πρόσκληση υποβολής Αίτησης υποψηφιότητας στο πλαίσιο του προγράμματος Erasmus+ BIP «Perfumes in the French Riviera: From the field to the bottle»,https://cmc.panteion.gr/news-and-announcements/proptyxiakoy/erasmus-bip-perfumes-in-the-french-riviera-from-the-field-to-the-bottle,2026-09-26
Ανακοινώσεις Προπτυχιακού,2026-05-18,Υλικός πολιτισμός: Μελέτη και ερμηνεία,https://cmc.panteion.gr/news-and-announcements/proptyxiakoy/ylikos-politismos-meleti-kai-ermineia,2026-09-26
Ανακοινώσεις Προπτυχιακού,2026-05-08,Αξιολόγηση Μαθημάτων Εαρινού Εξαμήνου,https://cmc.panteion.gr/news-and-announcements/proptyxiakoy/aksiologisi-may-2026,2026-09-26
Ανακοινώσεις Προπτυχιακού,2026-05-06,Πρόγραμμα Εξεταστικής Ιουνίου 2026,https://cmc.panteion.gr/news-and-announcements/proptyxiakoy/2026,2026-09-26
Ανακοινώσεις Προπτυχιακού,2026-04-24,“Εισαγωγή στην Πολιτιστική Διαχείριση” - Αναπλήρωση: 30/4/2026,https://cmc.panteion.gr/news-and-announcements/proptyxiakoy/30-4-2026,2026-09-26
Ανακοινώσεις Προπτυχιακού,2026-04-16,ΑΝΑΚΟΙΝΩΣΗ ΤΕΛΕΤΗΣ ΑΠΟΦΟΙΤΗΣΗΣ ΠΡΟΠΤΥΧΙΑΚΩΝ ΦΟΙΤΗΤΩΝ/ΩΝ ΧΕΙΜΕΡΙΝΟΥ ΕΞΑΜΗΝΟΥ,https://cmc.panteion.gr/news-and-announcements/proptyxiakoy/anakoinosi-teletis-apofoitisis-proptyxiakon-foititon-xeimerinou-eksaminou,2026-09-26
Ανακοινώσεις Προπτυχιακού,2026-04-07,"Επικαιροποιημένος οριστικός κατάλογος φοιτητών/τριών που διαγράφονται αυτοδικαίως, λόγω υπέρβασης της ανώτατης διάρκειας φοίτησης",https://cmc.panteion.gr/news-and-announcements/proptyxiakoy/epikairopoiimenos-oristikos-katalogos-diagrafenton,2026-09-26
Ανακοινώσεις Προπτυχιακού,2026-04-06,"Έρευνα με στόχο την ανάδειξη βασικών αντιλήψεων για την πολιτική λογοδοσία, την ενημέρωση και τη συνέπεια των κυβερνητικών δρώντων",https://cmc.panteion.gr/news-and-announcements/proptyxiakoy/erevna-me-stoxo-tin-anadeiksi-vasikon-antilipseon-gia-tin-politiki-logodosia-tin-enimerosi-kai-ti-synepeia-ton-kyvernitikon-dronton,2026-09-26
Ανακοινώσεις Προπτυχιακού,2026-04-02,ΠΡΑΚΤΙΚΗ ΑΣΚΗΣΗ: Ανακοίνωση τελικών αποτελεσμάτων επιλογής για συμμετοχή στο Πρόγραμμα,https://cmc.panteion.gr/news-and-announcements/proptyxiakoy/anakoinosi-telikon-apotelesmaton-epilogis-foititon-trion-gia-praktiki-askisi-tmima-epikoinonias-meson-politismou,2026-09-26
Ανακοινώσεις Προπτυχιακού,2026-04-01,ΣΗΜΑΝΤΙΚΗ ΑΝΑΚΟΙΝΩΣΗ για τις δηλώσεις μαθημάτων,https://cmc.panteion.gr/news-and-announcements/proptyxiakoy/simantiki-anakoinosi-gia-diloseis-mathimaton,2026-09-26
Ανακοινώσεις Προπτυχιακού,2026-03-30,"Σπουδές Οπτικού Πολιτισμού: Αναβολή διδακαλίας, Παρασκευή 3/4/2026",https://cmc.panteion.gr/news-and-announcements/proptyxiakoy/3-4-2026,2026-09-26
Ανακοινώσεις Προπτυχιακού,2026-03-29,Ενημερωτική Συνάντηση για την Πρακτική Άσκηση,https://cmc.panteion.gr/news-and-announcements/proptyxiakoy/enimerotiki-synantisi-gia-tin-praktiki,2026-09-26
Ανακοινώσεις Προπτυχιακού,2026-03-28,Δηλώσεις και διανομή συγγραμμάτων για φοιτητές/τριες που έχουν ολοκληρώσει τις δηλώσεις μαθημάτων,https://cmc.panteion.gr/news-and-announcements/proptyxiakoy/diloseis-kai-dianomi-syggrammaton-gia-foitites-tries-a-g-eksaminou-pou-exoun-oloklirosei-tis-diloseis-mathimaton-3,2026-09-26
Ανακοινώσεις Προπτυχιακού,2026-03-27,ΔΗΛΩΣΕΙΣ ΜΑΘΗΜΑΤΩΝ ΕΑΡΙΝΟΥ ΕΞΑΜΗΝΟΥ ΑΚΑΔΗΜΑΪΚΟΥ ΕΤΟΥΣ 2025-2026,https://cmc.panteion.gr/news-and-announcements/proptyxiakoy/2025-2031,2026-09-26
Ανακοινώσεις Προπτυχιακού,2026-03-26,ΕΜΒΟΛΙΜΗ ΕΞΕΤΑΣΤΙΚΗ: ΑΝΑΚΟΙΝΩΣΗ ΔΗΛΩΣΕΩΝ ΜΑΘΗΜΑΤΩΝ ΧΕΙΜΕΡΙΝΩΝ ΕΞΑΜΗΝΩΝ ΕΜΒΟΛΙΜΗΣ ΕΞΕΤΑΣΤΙΚΗΣ,https://cmc.panteion.gr/news-and-announcements/proptyxiakoy/emvolimi-eksetastiki,2026-09-26
Ανακοινώσεις Προπτυχιακού,2026-03-26,Προσωρινά Αποτελέσματα Επιλογής Φοιτητών/τριών για Πρακτική Άσκηση — Ακαδημαϊκό Έτος 2025–2026 (Εαρινό Εξάμηνο),https://cmc.panteion.gr/news-and-announcements/proptyxiakoy/praktiki-prosorina-apotelesmata-march-2026,2026-09-26
Ανακοινώσεις Προπτυχιακού,2026-03-24,Πρόσκληση συμμετοχής στο Πρόγραμμα BIP - «Global Cosmologies: Ways of World-making in International Politics»,https://cmc.panteion.gr/news-and-announcements/proptyxiakoy/bip-global-cosmologies-ways-of-world-making-in-international-politics,2026-09-26
Ανακοινώσεις Προπτυχιακού,2026-03-20,"Το μάθημα ""Στρατηγική Επιχειρήσεων και Οργανισμών Ι"" θα διδάσκεται κάθε Πέμπτη 12:00-15:00 στην αίθουσα Ε1",https://cmc.panteion.gr/news-and-announcements/proptyxiakoy/12-00-15-00-1,2026-09-26
Ανακοινώσεις Προπτυχιακού,2026-03-18,"Call of applications for the admission of  forty (40) students to the Interdepartmental Postgraduate Program ""MA in Digital Transformation: e- Diplomacy, e-Campaigning & Digital Law"" for the academic year 2026–2027",https://cmc.panteion.gr/news-and-announcements/proptyxiakoy/call-of-applicationsvfor-the-admission-of-forty-40-students-to-the-interdepartmental-postgraduate-program-ma-in-digital-transformation-e-diplomacy-e-campaigning-digital-law-for-the-academic-year-2026-2027,2026-09-26
Ανακοινώσεις Προπτυχιακού,2026-03-12,INTRODUCTION TO ADVERTISING AND PUBLIC RELATIONS (4th semester),https://cmc.panteion.gr/news-and-announcements/proptyxiakoy/introduction-to-advertising-and-public-relations-4th-semester-2,2026-09-26
Ανακοινώσεις Προπτυχιακού,2026-03-11,Παρουσίαση βιβλίου αθλητικού περιεχομένου με τον δημοσιογράφο Βαγγέλη Ιωάννου,https://cmc.panteion.gr/news-and-announcements/proptyxiakoy/parousiasi-vivliou-athlitikoy-periexomenou-me-ton-dimosiografo-vaggeli-ioannou,2026-09-26
Ανακοινώσεις Προπτυχιακού,2026-03-08,Αιτήσεις Ορκωμοσίας Εξεταστικής Χειμερινού Εξαμήνου 2025-2026,https://cmc.panteion.gr/news-and-announcements/proptyxiakoy/aitiseis-orkomosias-xeimerinou-2026,2026-09-26
Ανακοινώσεις Προπτυχιακού,2026-03-04,Ιστορία των Πολιτικών Ιδεών: Kάθε Πέμπτη 12:00 – 15:00 θα διδάσκεται στην αίθουσα Γ4,https://cmc.panteion.gr/news-and-announcements/proptyxiakoy/k-12-00-15-00-4,2026-09-26
Ανακοινώσεις Προπτυχιακού,2026-03-03,ΠΡΟΓΡΑΜΜΑ ΠΡΑΚΤΙΚΗΣ ΑΣΚΗΣΗΣ: Πρόσκληση εκδήλωσης ενδιαφέροντος για συμμετοχή κατά το εαρινό εξάμηνο ακαδημαϊκού έτους 2025-2026,https://cmc.panteion.gr/news-and-announcements/proptyxiakoy/programma-praktikis-askisis-prosklisi-ekdilosis-endiaferontos-gia-symmetoxi-2,2026-09-26
Ανακοινώσεις Προπτυχιακού,2026-03-03,Πολιτιστικές και Δημιουργικές Βιομηχανίες: Έναρξη Διδασκαλίας Τρίτη 3 Μαρτίου 2026,https://cmc.panteion.gr/news-and-announcements/proptyxiakoy/3-2026,2026-09-26
Ανακοινώσεις Προπτυχιακού,2026-02-26,"Αλλαγές στις αίθουσες διδασκαλίας για τα μαθήματα ""Επικοινωνία και Γλώσσα"" &  ""Αισθητική των Μέσων""",https://cmc.panteion.gr/news-and-announcements/proptyxiakoy/allages-stis-aithouses-didaskalias-gia-ta-mathimata-epikoinonia-kai-glossa-aisthitiki-ton-meson,2026-09-26
Ανακοινώσεις Προπτυχιακού,2026-02-26,Πολιτιστική Πολιτική: Κάθε Πέμπτη θα διδάσκεται 15:00-18:00 στην αίθουσα Δ12,https://cmc.panteion.gr/news-and-announcements/proptyxiakoy/15-00-18-00-12,2026-09-26
Ανακοινώσεις Προπτυχιακού,2026-02-25,Κατάθεση Βεβαιώσεων Φοιτητών/τριών ΑμεΑ/ΕΕΑ,https://cmc.panteion.gr/news-and-announcements/proptyxiakoy/katathesi-vevaioseon-foititon-trion-amea-eea,2026-09-26
Ανακοινώσεις Προπτυχιακού,2026-02-25,"Ψηαφιακές Μέθοδοι και Έρευνα στο Διαδίκτυο: Αναβολή διδασκαλίας, 26/2",https://cmc.panteion.gr/news-and-announcements/proptyxiakoy/26-2,2026-09-26
Ανακοινώσεις Προπτυχιακού,2026-02-24,Τα μαθήματα που διδάσκει ο κ. Ρούγγας θα ξεκινήσουν τη δεύτερη εβδομάδα μαθημάτων,https://cmc.panteion.gr/news-and-announcements/proptyxiakoy/ta-mathimata-pou-didaskei-o-k-royggas-tha-ksekinisoun-ti-deyteri-evdomada-mathimaton,2026-09-26
Ανακοινώσεις Προπτυχιακού,2026-02-23,"Ανακοίνωση για το μάθημα του Β' εξαμήνου ""Εισαγωγή στην Επιστήμη του Ιστού""",https://cmc.panteion.gr/news-and-announcements/proptyxiakoy/anakoinosi-gia-to-mathima-tou-v-eksaminou-eisagogi-stin-epitsimi-tou-istoy,2026-09-26
Ανακοινώσεις Προπτυχιακού,2026-02-20,ΕΙΣΑΓΩΓΗ ΣΤΗΝ ΠΟΛΙΤΙΣΤΙΚΗ ΔΙΑΧΕΙΡΙΣΗ: Έναρξη διδασκαλίας  6 Μαρτίου,https://cmc.panteion.gr/news-and-announcements/proptyxiakoy/6-3,2026-09-26
Ανακοινώσεις Προπτυχιακού,2026-02-18,Ώρες Γραφείου,https://cmc.panteion.gr/news-and-announcements/proptyxiakoy/ores-grafeiou,2026-09-26
Ανακοινώσεις Προπτυχιακού,2026-02-18,Αλλαγές στο πρόγραμμα διδασκαλίας μαθημάτων Δ' εξαμήνου,https://cmc.panteion.gr/news-and-announcements/proptyxiakoy/allages-sto-programma-didaskalias-mathimaton-d-eksaminou,2026-09-26
Ανακοινώσεις Προπτυχιακού,2026-02-18,Introduction to Advertising and Public Relations,https://cmc.panteion.gr/news-and-announcements/proptyxiakoy/introduction-to-advertsing-and-public-relations,2026-09-26
Ανακοινώσεις Προπτυχιακού,2026-02-12,ΠΕΡΙΓΡΑΜΜΑΤΑ ΜΑΘΗΜΑΤΩΝ,https://cmc.panteion.gr/news-and-announcements/proptyxiakoy/perigrammata,2026-09-26
Ανακοινώσεις Προπτυχιακού,2026-02-11,Εισαγωγή στη μουσειολογία: Προφορικές εξετάσεις 19/2/2026,https://cmc.panteion.gr/news-and-announcements/proptyxiakoy/19-2-2026,2026-09-26
Ανακοινώσεις Προπτυχιακού,2026-02-10,Κέντρο Πολιτισμού Ίδρυμα Σταύρος Νιάρχος | Εκπαιδευτικό Πρόγραμμα SNFCC Youth Council | Προθεσμία Υποβολής Αιτήσεων: 15/02,https://cmc.panteion.gr/news-and-announcements/proptyxiakoy/snfcc-youth-council-15-02,2026-09-26
Ανακοινώσεις Προπτυχιακού,2026-02-02,Πρόγραμμα Διδασκαλίας Εαρινού Εξαμήνου ακαδημαϊκού έτους 2025-2026,https://cmc.panteion.gr/news-and-announcements/proptyxiakoy/teaching-timetable-spring-2026,2026-09-26
Ανακοινώσεις Προπτυχιακού,2026-01-23,Ανακοίνωση επιτυχόντων κατατακτηρίων εξετάσεων ακαδημαϊκού έτους 2025-2026,https://cmc.panteion.gr/news-and-announcements/proptyxiakoy/2025-2030,2026-09-26
Ανακοινώσεις Προπτυχιακού,2026-01-14,Προκήρυξη του Προγράμματος Erasmus+ για Σπουδές στην Ευρώπη για το ακαδημαϊκό έτος 2026/2027.,https://cmc.panteion.gr/news-and-announcements/proptyxiakoy/erasmus-2026-2027,2026-09-26
Ανακοινώσεις Προπτυχιακού,2026-01-11,"Δήλωση συμμετοχής-Open Call του British Council ""Media Literacy in the age of AI"" 9-11 Ιανουαρίου 2026",https://cmc.panteion.gr/news-and-announcements/proptyxiakoy/open-call-british-council-media-literacy-in-the-age-of-ai-9-11-2026,2026-09-26
Ανακοινώσεις Προπτυχιακού,2025-12-30,"Oριστικός κατάλογος φοιτητών/τριών που διαγράφονται αυτοδικαίως, λόγω υπέρβασης της ανώτατης διάρκειας φοίτησης σύμφωνα με το άρθρο 76 του ν. 4957/2022",https://cmc.panteion.gr/news-and-announcements/proptyxiakoy/o-76-4957-2022,2026-09-26
Ανακοινώσεις Προπτυχιακού,2025-12-24,Έγκριση του προσωρινού πίνακα κατάταξης υποψηφιοτήτων της πράξης «Απόκτηση Ακαδημαϊκής Διδακτικής Εμπειρίας σε νέους επιστήμονες κατόχους διδακτορικού 2025 – 2026,https://cmc.panteion.gr/news-and-announcements/proptyxiakoy/prosorina-apotelesmata-espa,2026-09-26
Ανακοινώσεις Προπτυχιακού,2025-12-18,Πρόγραμμα Εξεταστικής Χειμερινού Εξαμήνου ακαδημαϊκού έτους 2025-2026,https://cmc.panteion.gr/news-and-announcements/proptyxiakoy/examinations-timetable-winter-terms-2025,2026-09-26
Ανακοινώσεις Προπτυχιακού,2025-12-18,Πρόγραμμα Εμβόλιμης Εξεταστικής Μαθημάτων Εαρινού Εξαμήνου 2024-2025 [για φοιτητές/τριες επί πτυχίω],https://cmc.panteion.gr/news-and-announcements/proptyxiakoy/emvolimi2025a,2026-09-26
Ανακοινώσεις Προπτυχιακού,2025-12-18,Eυχές για τις γιορτές και μια δημιουργική νέα χρονιά!,https://cmc.panteion.gr/news-and-announcements/proptyxiakoy/efxes-xristougennon,2026-09-26
Ανακοινώσεις Προπτυχιακού,2025-12-18,English Language for Media and Communication: Class of December 18 postponed,https://cmc.panteion.gr/news-and-announcements/proptyxiakoy/kokkori-class-postponed-18-22,2026-09-26
Ανακοινώσεις Προπτυχιακού,2025-12-15,"Φυσικές και Τυπικές Γλώσσες της Επικοινωνίας: Αναβολή διδασκαλίας, Τετάρτη 17/12",https://cmc.panteion.gr/news-and-announcements/proptyxiakoy/17-12,2026-09-26
Ανακοινώσεις Προπτυχιακού,2025-12-15,Αποτελέσματα Προγράμματος BIP,https://cmc.panteion.gr/news-and-announcements/proptyxiakoy/bip,2026-09-26
Ανακοινώσεις Προπτυχιακού,2025-12-14,Αξιολόγηση του διδακτικού έργου μαθημάτων χειμερινού εξαμήνου,https://cmc.panteion.gr/news-and-announcements/proptyxiakoy/aksiologisi-mathimaton-xeimerinoy-eksaminou,2026-09-26
Ανακοινώσεις Προπτυχιακού,2025-12-13,ΚΑΤΑΤΑΚΤΗΡΙΕΣ: Διεξαγωγή γραπτών/εισαγωγικών εξετάσεων -Σάββατο 13 Δεκεμβρίου 2025,https://cmc.panteion.gr/news-and-announcements/proptyxiakoy/13-2025,2026-09-26
Ανακοινώσεις Προπτυχιακού,2025-12-05,ΠΡΑΚΤΙΚΗ ΑΣΚΗΣΗ:Τελικά αποτελέσματα επιλογής φοιτητών/τριών για συμμετοχή στο Πρόγραμμα,https://cmc.panteion.gr/news-and-announcements/proptyxiakoy/praktiki-askisi-telika-apotelesmata-epilogis-foititon-trion-gia-symmetoxi-sto-programma-2025,2026-09-26
Ανακοινώσεις Προπτυχιακού,2025-12-03,Εισαγωγή στη Μουσειολογία – Επισκέψεις 5 και 9 Δεκεμβρίου,https://cmc.panteion.gr/news-and-announcements/proptyxiakoy/5-9,2026-09-26
Ανακοινώσεις Προπτυχιακού,2025-12-01,Παράταση δηλώσεων μαθημάτων χειμερινών εξαμήνων & εαρινών εξαμήνων (για φοιτητές/τριες επί πτυχίω) μέχρι 10/12/2025,https://cmc.panteion.gr/news-and-announcements/proptyxiakoy/10-12-2025,2026-09-26
Ανακοινώσεις Προπτυχιακού,2025-11-21,ΕΙΣΑΓΩΓΗ ΣΤΗΝ ΠΛΗΡΟΦΟΡΙΚΗ: Ώρες παρακολούθησης εργαστηριακών μαθημάτων από 2 Δεκεμβρίου έως το τέλος του εξαμήνου,https://cmc.panteion.gr/news-and-announcements/proptyxiakoy/25,2026-09-26
Ανακοινώσεις Προπτυχιακού,2025-11-19,"Πρόσκληση υποβολής αίτησης υποψηφιότητας στο πλαίσιο του προγράμματος ERASMUS+ BIP, «Why don’t we act? Understanding the barriers to climate action»",https://cmc.panteion.gr/news-and-announcements/proptyxiakoy/erasmus-bip-why-don-t-we-act-understanding-the-barriers-to-climate-action,2026-09-26
Ανακοινώσεις Προπτυχιακού,2025-11-13,Σημαντική ανακοίνωση για τις δηλώσεις μαθημάτων,https://cmc.panteion.gr/news-and-announcements/proptyxiakoy/simantiki-anakoinosi-gia-tis-diloseis-mathimaton,2026-09-26
Ανακοινώσεις Προπτυχιακού,2025-11-11,Κατάθεση αιτήσεων για  κατ΄εξαίρεση  υπέρβαση της ανώτατης διάρκειας φοίτησης για σοβαρούς λόγους υγείας.,https://cmc.panteion.gr/news-and-announcements/proptyxiakoy/enarksi-ypovolis-aitiseon-gia-kat-eksairesi-ypervasi-tis-anotatis-diarkeias-foitisis-gia-logous-ygeias,2026-09-26
Ανακοινώσεις Προπτυχιακού,2025-11-07,Δηλώσεις και διανομή συγγραμμάτων για φοιτητές/τριες που έχουν ολοκληρώσει τις δηλώσεις μαθημάτων,https://cmc.panteion.gr/news-and-announcements/proptyxiakoy/diloseis-kai-dianomi-syggrammaton-gia-foitites-tries-a-g-eksaminou-pou-exoun-oloklirosei-tis-diloseis-mathimaton,2026-09-26
Ανακοινώσεις Προπτυχιακού,2025-11-05,Δηλώσεις και διανομή συγγραμμάτων για φοιτητές/τριες που έχουν ολοκληρώσει τις δηλώσεις μαθημάτων,https://cmc.panteion.gr/news-and-announcements/proptyxiakoy/diloseis-kai-dianomi-syggrammaton-gia-foitites-tries-a-g-eksaminou-pou-exoun-oloklirosei-tis-diloseis-mathimaton-2,2026-09-26
Ανακοινώσεις Προπτυχιακού,2025-11-03,Δηλώσεις μαθημάτων χειμερινού εξαμήνου: 05-11-2025 έως 30-11-2025,https://cmc.panteion.gr/news-and-announcements/proptyxiakoy/diloseis-mathimaton-xeimerinoy-eksaminou,2026-09-26
Ανακοινώσεις Προπτυχιακού,2025-11-03,Αιτήσεις Ορκωμοσίας Εξεταστικής Σεπτεμβρίου 2025,https://cmc.panteion.gr/news-and-announcements/proptyxiakoy/aitiseis-orkomosias-eksetastikis-septemvriou-2025,2026-09-26
Ανακοινώσεις Προπτυχιακού,2025-11-02,Δηλώσεις μαθημάτων εαρινών εξαμήνων για συμμετοχή στην εμβολιμη εξεταστική: Φοιτητές/τριες 9ου εξαμήνου - επί πτυχίω,https://cmc.panteion.gr/news-and-announcements/proptyxiakoy/anakoinosi-diloseon-earinon-mathimaton-emvolimis-eksetastikis,2026-09-26
Ανακοινώσεις Προπτυχιακού,2025-10-30,"URGENT REMINDER-REGISTER NOW | LEADERSHIP FORUM, November 6, 2025 @ OTE Academy @16.30 hours",https://cmc.panteion.gr/news-and-announcements/proptyxiakoy/urgent-reminder-register-now-leadership-forum-november-6-2025-ote-academy-16-30-hours,2026-09-26
Ανακοινώσεις Προπτυχιακού,2025-10-23,Ανακοίνωση για αιτήσεις παράτασης ή εξαίρεσης ανώτατης διάρκειας φοίτησης,https://cmc.panteion.gr/news-and-announcements/proptyxiakoy/anakoinosi-gia-aitiseis-paratasis-i-eksairesis-anotatis-diarkeias-foitisis,2026-09-26
Ανακοινώσεις Προπτυχιακού,2025-10-23,Κατάθεση δικαιολογητικών επιτυχόντων μετεγγραφής/μετακίνησης ακαδημαϊκού έτους 2025-2026,https://cmc.panteion.gr/news-and-announcements/proptyxiakoy/2025-2029,2026-09-26
Ανακοινώσεις Προπτυχιακού,2025-10-20,Αλλαγή αίθουσας διδασκαλίας για τα μαθήματα ΠΟΛΙΤΙΚΗ ΕΠΙΚΟΙΝΩΝΙΑ [Ε' εξάμηνο] & ΕΡΓΑΣΤΗΡΙΑΚΟ ΜΑΘΗΜΑ ΔΙΑΦΗΜΙΣΗΣ ΚΑΙ ΔΗΜΟΣΙΩΝ ΣΧΕΣΕΩΝ V: ΔΗΜΙΟΥΡΓΙΚΟΤΗΤΑ- Η ΤΕΧΝΗ ΤΗΣ ΑΦΗΓΗΣΗΣ-STORYTELLING [Ζ' εξάμηνο],https://cmc.panteion.gr/news-and-announcements/proptyxiakoy/v-storytelling,2026-09-26
Ανακοινώσεις Προπτυχιακού,2025-10-16,"Announcement for the Course: Social Issues, Social Innovation and Corporate Responsibility (5th semester)",https://cmc.panteion.gr/news-and-announcements/proptyxiakoy/announcement-for-the-course-social-issues-social-innovation-and-corporate-responsibility-5th-semester,2026-09-26
Ανακοινώσεις Προπτυχιακού,2025-10-08,"Tελετή αποφοίτησης  των πτυχιούχων του Τμήματος Επικοινωνίας, Μέσων και Πολιτισμού του Εαρινού Εξαμήνου 2024-25",https://cmc.panteion.gr/news-and-announcements/proptyxiakoy/2024-25,2026-09-26
Ανακοινώσεις Προπτυχιακού,2025-10-08,ΑΝΑΚΟΙΝΩΣΗ ΑΠΟΤΕΛΕΣΜΑΤΩΝ ΠΡΟΣΚΛΗΣΗΣ ERASMUS+ BIP in CRISIS COMMUNICATION στο FONTYS UNIVERSITY OF APPLIED SCIENCES,https://cmc.panteion.gr/news-and-announcements/proptyxiakoy/erasmus-bip-in-crisis-communication-fontys-university-of-applied-sciences,2026-09-26
Ανακοινώσεις Προπτυχιακού,2025-10-08,Εργαστήριο Πολιτισμού Ι: Πολιτισμική Κληρονομιά,https://cmc.panteion.gr/news-and-announcements/proptyxiakoy/ergastirio-politismoy-ii,2026-09-26
Ανακοινώσεις Προπτυχιακού,2025-10-07,Language and Communication in Digital Media,https://cmc.panteion.gr/news-and-announcements/proptyxiakoy/language-and-communication-in-digital-media,2026-09-26
Ανακοινώσεις Προπτυχιακού,2025-10-06,Οδηγός Σπουδών ακαδημαϊκού έτους 2025-2026,https://cmc.panteion.gr/news-and-announcements/proptyxiakoy/odigos-spoudon-2025-2026,2026-09-26
Ανακοινώσεις Προπτυχιακού,2025-10-04,"Ανακοίνωση για το νέο μάθημα ""Επικαιρότητα της Έρευνας στα Μέσα Επικοινωνίας""- Ε' Εξάμηνο",https://cmc.panteion.gr/news-and-announcements/proptyxiakoy/anakoinosi-gia-to-neo-mathima-epikairotita-tis-erevnas-sta-mesa-epikoinonias-e-eksamino,2026-09-26
Ανακοινώσεις Προπτυχιακού,2025-10-02,Ανακοίνωση Εργαστηρίου Διαφήμισης και Δημοσίων Σχέσεων- ADandPRLAB,https://cmc.panteion.gr/news-and-announcements/proptyxiakoy/adandprlab-2,2026-09-26
Ανακοινώσεις Προπτυχιακού,2025-10-01,Σημαντική ανακοίνωση για τους/τις πρωτοετείς φοιτητές/τριες (με έτος εισαγωγής το 2025),https://cmc.panteion.gr/news-and-announcements/proptyxiakoy/2025-2,2026-09-26
Ανακοινώσεις Προπτυχιακού,2025-10-01,Πρόγραμμα Διδασκαλίας Χειμερινού Εξαμήνου ακαδ. έτους 2025-2026,https://cmc.panteion.gr/news-and-announcements/proptyxiakoy/teaching-timetable-winter-2025-2026,2026-09-26
Ανακοινώσεις Προπτυχιακού,2025-09-29,Ώρες Γραφείου/Υποδοχής φοιτητών-τριών,https://cmc.panteion.gr/news-and-announcements/proptyxiakoy/consultation-hours-winter-2025,2026-09-26
Ανακοινώσεις Προπτυχιακού,2025-09-22,"Ανακοίνωση των Αποτελεσμάτων / Εισαγωγή στο ΔΠΜΣ ""Φύλο, Κοινωνία, Πολιτική""",https://cmc.panteion.gr/news-and-announcements/proptyxiakoy/anakoinosis-ton-apotelesmaton-eisagogi-sto-dpms-fylo-koinonia-politiki,2026-09-26
Ανακοινώσεις Προπτυχιακού,2025-09-20,Παράταση της πρόσκλησης υποβολής υποψηφιοτήτων στο ΠΜΣ έως τις 20 Σεπτεμβρίου 2025,https://cmc.panteion.gr/news-and-announcements/proptyxiakoy/20-2025,2026-09-26
Ανακοινώσεις Προπτυχιακού,2025-09-19,"Πρόσκληση υποβολής αίτησης υποψηφιότητας στο πλαίσιο του προγράμματος ERASMUS+ BIP, «Crisis Communication»",https://cmc.panteion.gr/news-and-announcements/proptyxiakoy/erasmus-bip-crisis-communication,2026-09-26
Ανακοινώσεις Προπτυχιακού,2025-09-16,ΑΝΑΚΟΙΝΩΣΗ  ΟΛΟΚΛΗΡΩΣΗ ΕΓΓΡΑΦΗΣ ΝΕΟΕΙΣΑΧΘΕΝΤΩΝ ΦΟΙΤΗΤΩΝ ΑΚΑΔΗΜΑΪΚΟΥ ΕΤΟΥΣ 2025-26,https://cmc.panteion.gr/news-and-announcements/proptyxiakoy/2025-26,2026-09-26
Ανακοινώσεις Προπτυχιακού,2025-09-13,Εκδήλωση ενδιαφέροντος για συμμετοχή στη διημερίδα «The Leaders of the Greek Economy – Η Ναυτεμπορική γέφυρα  ηγετών του επιχειρείν με τη Νέα Γενιά»,https://cmc.panteion.gr/news-and-announcements/proptyxiakoy/the-leaders-of-the-greek-economy,2026-09-26
Ανακοινώσεις Προπτυχιακού,2025-09-08,ΑΝΑΚΟΙΝΩΣΗ ΕΓΓΡΑΦΗΣ των εισαγομένων με την ειδική κατηγορία των Αλλοδαπών-Αλλογενών (αποφοίτων Λυκείων εκτός ΕΕ) και Αποφοίτων Λυκείων ή αντίστοιχων σχολείων κρατών-μελών της Ε.Ε  για το ακαδημαϊκό έτος 2025-2026,https://cmc.panteion.gr/news-and-announcements/proptyxiakoy/2025-2028,2026-09-26
Ανακοινώσεις Προπτυχιακού,2025-09-02,Επείγουσα ενημέρωση για τη σίτιση των φοιτητών/τριών,https://cmc.panteion.gr/news-and-announcements/proptyxiakoy/epeigousa-enimerosi-gia-ti-sitisi-ton-foititon-trion,2026-09-26
Ανακοινώσεις Προπτυχιακού,2025-07-29,"Aνακοίνωση των αποτελεσμάτων των δύο πρώτων σταδίων αξιολόγησης των υποψηφιοτήτων για εισαγωγή στο ΔΠΜΣ ""Φύλο, Κοινωνία, Πολιτική""",https://cmc.panteion.gr/news-and-announcements/proptyxiakoy/dpms,2026-09-26
Ανακοινώσεις Προπτυχιακού,2025-07-19,Αιτήσεις Ορκωμοσίας,https://cmc.panteion.gr/news-and-announcements/proptyxiakoy/graduation-ceremony-2025,2026-09-26
Ανακοινώσεις Προπτυχιακού,2025-07-07,Πρόγραμμα Σπουδών Ακαδημαϊκού Έτους 2025-2026,https://cmc.panteion.gr/news-and-announcements/proptyxiakoy/ka,2026-09-26
Ανακοινώσεις Προπτυχιακού,2025-07-05,Φοιτητικό στεγαστικό επίδομα,https://cmc.panteion.gr/news-and-announcements/proptyxiakoy/stegastiko-epidoma-2025,2026-09-26
Ανακοινώσεις Προπτυχιακού,2025-06-24,"ΑΝΑΚΟΙΝΩΣΗ ΑΠΟΤΕΛΕΣΜΑΤΩΝ ΠΡΟΣΚΛΗΣΗΣ ΤΟΥ ΠΡΟΓΡΑΜΜΑΤΟΣ ERASMUS+ BIP "" «Scent & Strategy- Intensive Program in Fragrance Branding’ στη Νίκαια, Γαλλία.",https://cmc.panteion.gr/news-and-announcements/proptyxiakoy/erasmus-bip-scent-strategy-intensive-program-in-fragrance-branding-2,2026-09-26
Ανακοινώσεις Προπτυχιακού,2025-06-10,"Πρόσκληση υποβολής αίτησης υποψηφιότητας στο πλαίσιο του προγράμματος ERASMUS+ BIP, «Scent & Strategy – Intensive Program in Fragrance Branding»",https://cmc.panteion.gr/news-and-announcements/proptyxiakoy/erasmus-bip-scent-strategy-intensive-program-in-fragrance-branding,2026-09-26
Ανακοινώσεις Προπτυχιακού,2025-06-10,ΑΙΤΗΣΕΙΣ ΓΙΑ ΑΜΕΙΒΟΜΕΝΕΣ ΘΕΣΕΙΣ ΕΡΓΑΣΙΑΣ ΝΕΩΝ ΔΗΜΟΣΙΟΓΡΑΦΩΝ - iMedD,https://cmc.panteion.gr/news-and-announcements/proptyxiakoy/imedd,2026-09-26
Ανακοινώσεις Προπτυχιακού,2025-06-03,"ΠΡΟΚΗΡΥΞΗ  ΔΙΑΤΜΗΜΑΤΙΚΟΥ ΠΡΟΓΡΑΜΜΑΤΟΣ ΜΕΤΑΠΤΥΧΙΑΚΩΝ ΣΠΟΥΔΩΝ  «ΦΥΛΟ, ΚΟΙΝΩΝΙΑ, ΠΟΛΙΤΙΚΗ»  Ακαδημαϊκό Έτος 2025-2026",https://cmc.panteion.gr/news-and-announcements/proptyxiakoy/2025-2027,2026-09-26
Ανακοινώσεις Προπτυχιακού,2025-05-09,Πρόγραμμα Εξεταστικής Εαρινού Εξαμήνου,https://cmc.panteion.gr/news-and-announcements/proptyxiakoy/programma-eksetastikis-earinoy-eksaminou,2026-09-26
Ανακοινώσεις Προπτυχιακού,2025-05-09,Πρόγραμμα Εμβόλιμης Εξεταστικής Χειμερινού Εξαμήνου για φοιτητές/τριες επί πτυχίω,https://cmc.panteion.gr/news-and-announcements/proptyxiakoy/programma-eksetastikis-earinoy-eksaminou-2,2026-09-26
Ανακοινώσεις Προπτυχιακού,2025-05-07,ΠΡΑΚΤΙΚΗ ΑΣΚΗΣΗ: Πίνακας προσωρινών αποτελεσμάτων αξιολόγησης και κατάταξης των αιτήσεων για συμμετοχή στο Πρόγραμμα & Ενημερωτικές συναντήσεις,https://cmc.panteion.gr/news-and-announcements/proptyxiakoy/praktiki-askisi-pinakas-prosorinon-apotelesmaton-gia-symmetoxi-sto-programma-enimerotikes-synantiseis,2026-09-26
Ανακοινώσεις Προπτυχιακού,2025-05-05,Ανακοίνωση για το Εργαστηριακό Μάθημα Πολιτισμού VII: Έρευνα και ανάπτυξη κοινού πολιτιστικών οργανισμών,https://cmc.panteion.gr/news-and-announcements/proptyxiakoy/vii-4,2026-09-26
Ανακοινώσεις Προπτυχιακού,2025-05-03,Πρόσκληση από το Communication University of Zhejiang [Κίνα] για συμμετοχή φοιτητών/τριών σε πρόγραμμα για την Κινέζικη όπερα,https://cmc.panteion.gr/news-and-announcements/proptyxiakoy/communication-university-of-zhejiang-2,2026-09-26
Ανακοινώσεις Προπτυχιακού,2025-05-01,Προκήρυξη Κατατακτηρίων Εξετάσεων Ακαδημαϊκού Έτους 2025-2026,https://cmc.panteion.gr/news-and-announcements/proptyxiakoy/2025-2026,2026-09-26
Ανακοινώσεις Προπτυχιακού,2025-04-24,Δηλώσεις μαθημάτων εαρινού εξαμήνου ακαδημαϊκού έτους 2024-2025,https://cmc.panteion.gr/news-and-announcements/proptyxiakoy/diloseis-mathimaton-earinou-2025,2026-09-26
Ανακοινώσεις Προπτυχιακού,2025-03-14,"ΑΝΑΚΟΙΝΩΣΗ ΑΠΟΤΕΛΕΣΜΑΤΩΝ ΠΡΟΣΚΛΗΣΗΣ ΤΟΥ ΠΡΟΓΡΑΜΜΑΤΟΣ ERASMUS+ BIP ""The Digital Age Unveiled: Tech, Consumption, Inequality, Culture""",https://cmc.panteion.gr/news-and-announcements/proptyxiakoy/erasmus-bip-the-digital-age-unveiled-tech-consumption-inequality-culture-2,2026-09-26
Ανακοινώσεις Προπτυχιακού,2025-03-14,ΠΡΟΓΡΑΜΜΑ ΠΡΑΚΤΙΚΗΣ ΑΣΚΗΣΗΣ: Πρόσκληση εκδήλωσης ενδιαφέροντος για συμμετοχή,https://cmc.panteion.gr/news-and-announcements/proptyxiakoy/programma-praktikis-askisis-prosklisi-ekdilosis-endiaferontos-gia-symmetoxi,2026-09-26
Ανακοινώσεις Προπτυχιακού,2025-03-07,30 υποτροφίες από το ALMA MATER STUDIORUM - Università di Bologna για σπουδές 2ου κύκλου,https://cmc.panteion.gr/news-and-announcements/proptyxiakoy/30-alma-mater-studiorum-universita-di-bologna-2,2026-09-26
Ανακοινώσεις Προπτυχιακού,2025-02-27,Κατάλογος & πρόγραμμα προβολών του Διεθνούς Ανεξάρτητου Φεστιβάλ Κινηματογράφου της Αθήνας KINO ATHENS festival,https://cmc.panteion.gr/news-and-announcements/proptyxiakoy/o-kino-athens-festival-2,2026-09-26
Ανακοινώσεις Προπτυχιακού,2025-02-16,Σας αρέσει το Σινεμά;,https://cmc.panteion.gr/news-and-announcements/proptyxiakoy/sas-aresei-to-sinema,2026-09-26
Ανακοινώσεις Προπτυχιακού,2025-02-13,Αλλαγές στο Πρόγραμμα Διδασκαλίας,https://cmc.panteion.gr/news-and-announcements/proptyxiakoy/allages-sto-programma-didaskalias,2026-09-26
Ανακοινώσεις Προπτυχιακού,2025-02-10,"Πρόσκληση υποβολής αίτησης υποψηφιότητας στο πλαίσιο του προγράμματος ERASMUS+ BIP ""The Digital Age Unveiled: Tech, Consumption, Inequality, Culture""",https://cmc.panteion.gr/news-and-announcements/proptyxiakoy/erasmus-bip-the-digital-age-unveiled-tech-consumption-inequality-culture,2026-09-26
Ανακοινώσεις Προπτυχιακού,2025-02-04,Πρόγραμμα Διδασκαλίας Εαρινού Εξαμήνου 2024-2025,https://cmc.panteion.gr/news-and-announcements/proptyxiakoy/teaching-timetable-spring-semester-2024,2026-09-26
Ανακοινώσεις Προπτυχιακού,2025-01-11,Προκήρυξη του Προγράμματος Erasmus+ για Σπουδές στην Ευρώπη για το ακαδ. έτος 2025/2026.,https://cmc.panteion.gr/news-and-announcements/proptyxiakoy/erasmus-2025-2026,2026-09-26
Ανακοινώσεις Προπτυχιακού,2024-11-28,Αξιολόγηση του διδακτικού έργου μαθημάτων χειμερινού εξαμήνου,https://cmc.panteion.gr/news-and-announcements/proptyxiakoy/aksiologisi-tou-didaktikoy-ergou-mathimaton-xeimerinoy-eksaminou,2026-09-26
Ανακοινώσεις Προπτυχιακού,2024-10-11,Ολοκλήρωση εγγραφής νεοεισαχθέντων φοιτητών,https://cmc.panteion.gr/news-and-announcements/proptyxiakoy/oloklirosi-eggrafis-neoeisaxthenton,2026-09-26
Ανακοινώσεις Προπτυχιακού,2024-10-02,Ομάδα πρωτοετών φοιτητών/τριών στο Face Book,https://cmc.panteion.gr/news-and-announcements/proptyxiakoy/face-book,2026-09-26
Ανακοινώσεις Προπτυχιακού,2024-09-10,Πρόγραμμα Διδασκαλίας Χειμερινού Εξαμήνου ακαδημαϊκού έτους 2024-2025,https://cmc.panteion.gr/news-and-announcements/proptyxiakoy/teaching-timetable-winter-2024-2025,2026-09-26
Ανακοινώσεις Προπτυχιακού,2024-09-09,Αιτήσεις Συμμετοχής για το Ράδιο Πάντειον,https://cmc.panteion.gr/news-and-announcements/proptyxiakoy/aitiseis-symmetoxis-gia-to-radio-panteion,2026-09-26
Ανακοινώσεις Προπτυχιακού,2024-09-04,Ακαδημαϊκό Ημερολόγιο ακαδ. έτους 2024-2025,https://cmc.panteion.gr/news-and-announcements/proptyxiakoy/2024-2025,2026-09-26
Ανακοινώσεις Προπτυχιακού,2024-06-10,Πρόγραμμα Σπουδών ακαδημαϊκού έτους 2024-2025,https://cmc.panteion.gr/news-and-announcements/proptyxiakoy/programma-spoudon-2024-2025,2026-09-26
Ανακοινώσεις Προπτυχιακού,2024-02-26,Πρόγραμμα Διδασκαλίας Εαρινού Εξαμήνου,https://cmc.panteion.gr/news-and-announcements/proptyxiakoy/teaching-timetable-summer-2024,2026-09-26
Ανακοινώσεις Προπτυχιακού,2023-10-31,Έκδοση τίτλων σπουδών μέσω gov.gr,https://cmc.panteion.gr/news-and-announcements/proptyxiakoy/gov-gr,2026-09-26
Ανακοινώσεις Προπτυχιακού,2023-10-17,Μονάδα προσβασιμότητας,https://cmc.panteion.gr/news-and-announcements/proptyxiakoy/monada-prosvasimotitas,2026-09-26
Ανακοινώσεις Προπτυχιακού,2023-10-11,Δημιουργία ομάδας [group] στο Facebook για πρωτοετείς φοιτητές/τριες με έτος εισαγωγής το 2023,https://cmc.panteion.gr/news-and-announcements/proptyxiakoy/fb-group-2023,2026-09-26
Ανακοινώσεις Προπτυχιακού,2023-10-06,Μερική Φοίτηση,https://cmc.panteion.gr/news-and-announcements/proptyxiakoy/meriki-foitisi,2026-09-26
Ανακοινώσεις Προπτυχιακού,2023-02-14,Δυνατότητα διακοπής της φοίτησης των προπτυχιακών φοιτητών/τριών,https://cmc.panteion.gr/news-and-announcements/proptyxiakoy/dynatotita-diakopis-tis-foitisis-ton-proptyxiakon-foititon-trion,2026-09-26
Ανακοινώσεις Προπτυχιακού,2022-10-17,Ηλεκτρονική Έκδοση Πιστοποιητικών,https://cmc.panteion.gr/news-and-announcements/proptyxiakoy/ilektroniki-ekdosi-pistopoiitikon,2026-09-26
Ανακοινώσεις Προπτυχιακού,2022-10-14,ΔΙΑΚΟΠΗ (ΑΝΑΣΤΟΛΗ) ΦΟΙΤΗΣΗΣ,https://cmc.panteion.gr/news-and-announcements/proptyxiakoy/diakopi-anastoli-foitisis,2026-09-26
Ανακοινώσεις Προπτυχιακού,2022-10-06,Οδηγίες πρόσβασης στην πλατφόρμα open eClass,https://cmc.panteion.gr/news-and-announcements/proptyxiakoy/open-eclass,2026-09-26
Ανακοινώσεις Προπτυχιακού,2022-09-28,Χαιρετισμός πρωτοετών φοιτητών/τριών,https://cmc.panteion.gr/news-and-announcements/proptyxiakoy/welcome-2021,2026-09-26
Ανακοινώσεις Προπτυχιακού,2022-09-07,Παροχή e-mail στους προπτυχιακούς φοιτητές,https://cmc.panteion.gr/news-and-announcements/proptyxiakoy/e-mail,2026-09-26
Ανακοινώσεις Προπτυχιακού,2022-07-01,Υποστήριξη & ενημέρωση υποψήφιων φοιτητών/τριών,https://cmc.panteion.gr/news-and-announcements/proptyxiakoy/ypostiriksi-enimerosi-ypopsifion-foititon-trion,2026-09-26
Ανακοινώσεις Προπτυχιακού,2022-07-01,ΣΗΜΑΝΤΙΚΗ ΑΝΑΚΟΙΝΩΣΗ ΓΙΑ ΦΟΙΤΗΤΕΣ/ΦΟΙΤΗΤΡΙΕΣ! Νέο Φοιτητολόγιο,https://cmc.panteion.gr/news-and-announcements/proptyxiakoy/simantiki-anakoinosi-gia-foitites-foititries-neo-foititologio,2026-09-26
Ανακοινώσεις Προπτυχιακού,2021-10-19,Υπηρεσίες για φοιτητές/ες με αναπηρία,https://cmc.panteion.gr/news-and-announcements/proptyxiakoy/2021-10-19-11-30-27,2026-09-26
Ανακοινώσεις Προπτυχιακού,2021-09-08,Μετάφραση Εγγράφων,https://cmc.panteion.gr/news-and-announcements/proptyxiakoy/2021-09-08-08-55-42,2026-09-26
Ανακοινώσεις Προπτυχιακού,2021-07-02,ΕΡΩΤΗΜΑΤΟΛΟΓΙΟ ΤΕΛΕΙΟΦΟΙΤΩΝ,https://cmc.panteion.gr/news-and-announcements/proptyxiakoy/2021-07-02-18-10-23,2026-09-26
Ανακοινώσεις Προπτυχιακού,2020-03-21,Λειτουργία Υπηρεσίας Συμβουλευτικής και Ψυχολογικής Υποστήριξης,https://cmc.panteion.gr/news-and-announcements/proptyxiakoy/2020-03-21-11-00-81,2026-09-26
Ανακοινώσεις Μεταπτυχιακού,2026-09-25,ΠΜΣ: ΤΕΛΙΚΑ-ΣΥΓΚΕΝΤΡΩΤΙΚΑ ΑΠΟΤΕΛΕΣΜΑΤΑ ΕΙΣΑΓΩΓΙΚΩΝ ΕΞΕΤΑΣEΩΝ 2026-27,https://cmc.panteion.gr/news-and-announcements/metaptyxiakoy/pms-entrance-results,2026-09-26
Ανακοινώσεις Μεταπτυχιακού,2026-09-23,"ΠΜΣ: Αποτελέσματα γραπτών-εισαγωγικών εξετάσεων και πρόγραμμα συνεντεύξεων της κατεύθυνσης «Κοινωνία της Πληροφορίας, Νέα Μέσα και Τεχνολογία»",https://cmc.panteion.gr/news-and-announcements/metaptyxiakoy/pms-apotelesmata-grapton-eisagogikon-eksetaseon-kai-programma-synenteykseon-tis-kateythynsis-koinonia-tis-pliroforias-nea-mesa-kai-texnologia,2026-09-26
Ανακοινώσεις Μεταπτυχιακού,2026-09-16,"ΠΜΣ: Χρονοδιάγραμμα γραπτών-εισαγωγικών εξετάσεων & προφορικών συνεντεύξεων στην κατεύθυνση ""Κοινωνία της Πληροφορίας, Μέσα και Τεχνολογία""",https://cmc.panteion.gr/news-and-announcements/metaptyxiakoy/xronodiagramma-2,2026-09-26
Ανακοινώσεις Μεταπτυχιακού,2026-09-15,Π.Μ.Σ.: Πρόγραμμα Διδασκαλίας Χειμερινού Εξαμήνου 2026-2027,https://cmc.panteion.gr/news-and-announcements/metaptyxiakoy/2026-2027,2026-09-26
Ανακοινώσεις Μεταπτυχιακού,2026-07-06,Αλλαγή usernames στις υπηρεσίες αυθεντικοποίησης (SSO),https://cmc.panteion.gr/news-and-announcements/metaptyxiakoy/usernames-sso-2a,2026-09-26
Ανακοινώσεις Μεταπτυχιακού,2026-06-26,ΠΜΣ: Υποστηρίξεις Διπλωματικών Εργασιών,https://cmc.panteion.gr/news-and-announcements/metaptyxiakoy/ypostiriksi-diplomatiko-2026,2026-09-26
Ανακοινώσεις Μεταπτυχιακού,2026-06-15,Ενεργοποίηση Πρόσβασης στις Υπηρεσίες Microsoft 365 για τους φοιτητές-ήτριες και των Τριών Κύκλων Σπουδών.,https://cmc.panteion.gr/news-and-announcements/metaptyxiakoy/microsoft-366,2026-09-26
Ανακοινώσεις Μεταπτυχιακού,2026-06-08,ΠΜΣ: Προγραμμα εξεταστικής Ιουνίου 2026,https://cmc.panteion.gr/news-and-announcements/metaptyxiakoy/2026,2026-09-26
Ανακοινώσεις Μεταπτυχιακού,2026-05-27,ΠΜΣ: Δήλωση Θέματος Διπλωματικής εργασίας,https://cmc.panteion.gr/news-and-announcements/metaptyxiakoy/dilosi-thematos-pms,2026-09-26
Ανακοινώσεις Μεταπτυχιακού,2026-05-27,ΠΜΣ: Κατάθεση διπλωματικών εργασιών,https://cmc.panteion.gr/news-and-announcements/metaptyxiakoy/pms-katathesi-diplomatikon,2026-09-26
Ανακοινώσεις Μεταπτυχιακού,2026-05-08,Αξιολόγηση Μαθημάτων Εαρινού Εξαμήνου,https://cmc.panteion.gr/news-and-announcements/metaptyxiakoy/aksiologisi-may-2027pms,2026-09-26
Ανακοινώσεις Μεταπτυχιακού,2026-04-01,ΠΜΣ: Δηλώσεις μαθημάτων εαρινού εξαμήνου 2025-2026,https://cmc.panteion.gr/news-and-announcements/metaptyxiakoy/diloseis-pms-earino-2026,2026-09-26
Ανακοινώσεις Μεταπτυχιακού,2026-02-03,"Πρόγραμμα υποστηρίξεων Διπλωματικών Εργασιών ΠΜΣ κατεύθυνση Κοινωνία της Πληροφορίας, Μέσα και Τεχνολογία",https://cmc.panteion.gr/news-and-announcements/metaptyxiakoy/programma-ypostirikseon-diplomatikon-ergasion-pms-kateythynsi-koinonia-tis-pliroforias-mesa-kai-texnologia,2026-09-26
Ανακοινώσεις Μεταπτυχιακού,2026-01-23,ΠΜΣ: Πρόγραμμα Διδασκαλίας Εαρινού Εξαμήνου 2025-2026,https://cmc.panteion.gr/news-and-announcements/metaptyxiakoy/2025-2030,2026-09-26
Ανακοινώσεις Μεταπτυχιακού,2026-01-23,ΠΜΣ: Πρόγραμμα Εξετάσεων Χειμερινού Εξαμήνου 2025-2026,https://cmc.panteion.gr/news-and-announcements/metaptyxiakoy/2025-2029,2026-09-26
Ανακοινώσεις Μεταπτυχιακού,2026-01-14,Προκήρυξη του Προγράμματος Erasmus+ για Σπουδές στην Ευρώπη για το ακαδ. έτος 2026/2027.,https://cmc.panteion.gr/news-and-announcements/metaptyxiakoy/erasmus-2026-2028b,2026-09-26
Ανακοινώσεις Μεταπτυχιακού,2026-01-12,ΠΜΣ: Κατάθεση διπλωματικών εργασιών,https://cmc.panteion.gr/news-and-announcements/metaptyxiakoy/katthesi-diplomatikon-31012026,2026-09-26
Ανακοινώσεις Μεταπτυχιακού,2025-12-15,Αποτελέσματα Προγράμματος BIP,https://cmc.panteion.gr/news-and-announcements/metaptyxiakoy/bip-2,2026-09-26
Ανακοινώσεις Μεταπτυχιακού,2025-12-14,Αξιολόγηση του διδακτικού έργου μαθημάτων χειμερινού εξαμήνου (2),https://cmc.panteion.gr/news-and-announcements/metaptyxiakoy/pms-aksiologisi-mathimaton-xeimerinoy-eksaminou-2,2026-09-26
Ανακοινώσεις Μεταπτυχιακού,2025-11-19,"Πρόσκληση υποβολής αίτησης υποψηφιότητας στο πλαίσιο του προγράμματος ERASMUS+ BIP, «Why don’t we act?  Understanding the barriers to climate action»",https://cmc.panteion.gr/news-and-announcements/metaptyxiakoy/erasmus-bip-why-don-t-we-act-understanding-the-barriers-to-climate-action-2,2026-09-26
Ανακοινώσεις Μεταπτυχιακού,2025-11-04,ΔΗΛΩΣΕΙΣ ΜΑΘΗΜΑΤΩΝ ΤΟΥ ΧΕΙΜΕΡΙΝΟΥ ΕΞΑΜΗΝΟΥ ΤΟΥ ΠΜΣ «ΠΟΛΙΤΙΣΤΙΚΗ ΔΙΑΧΕΙΡΙΣΗ ΕΠΙΚΟΙΝΩΝΙΑ ΚΑΙ ΜΕΣΑ» ΑΚΑΔ. ΕΤΟΥΣ  2025-2026,https://cmc.panteion.gr/news-and-announcements/metaptyxiakoy/2025-2028,2026-09-26
Ανακοινώσεις Μεταπτυχιακού,2025-10-20,Ηγεσία και Επιχειρηματικότητα στη Δημοσιογραφία,https://cmc.panteion.gr/news-and-announcements/metaptyxiakoy/igesia-kai-epixeirimatikotita-sti-dimosiografia,2026-09-26
Ανακοινώσεις Μεταπτυχιακού,2025-10-11,Μεθοδολογία της Έρευνας στα Μέσα και την Επικοινωνία,https://cmc.panteion.gr/news-and-announcements/metaptyxiakoy/methodologia-tis-erevnas-sta-mesa-kai-tin-epikoinonia,2026-09-26
Ανακοινώσεις Μεταπτυχιακού,2025-10-06,"ΔΙΑΤΜΗΜΑΤΙΚΟ ΠΡΟΓΡΑΜΜΑ ΜΕΤΑΠΤΥΧΙΑΚΩΝ ΣΠΟΥΔΩΝ  «ΦΥΛΟ, ΚΟΙΝΩΝΙΑ, ΠΟΛΙΤΙΚΗ»: ΑΝΑΚΟΙΝΩΣΗ έναρξης μαθημάτων, πρόγραμμα διδασκαλίας και υποδοχή 2025-2026",https://cmc.panteion.gr/news-and-announcements/metaptyxiakoy/2025-2027,2026-09-26
Ανακοινώσεις Μεταπτυχιακού,2025-09-30,ΠΜΣ: Πρόγραμμα Διδασκαλίας Χειμερινού Εξαμήνου 2025-2026,https://cmc.panteion.gr/news-and-announcements/metaptyxiakoy/2025-2026,2026-09-26
Ανακοινώσεις Μεταπτυχιακού,2025-09-20,"Παράταση της πρόσκλησης υποβολής υποψηφιοτήτων στο ΠΜΣ με κατεύθυνση ""Κοινωνία της Πληροφορίας, Μέσα και Τεχνολογία"" έως τις 20 Σεπτεμβρίου 2025",https://cmc.panteion.gr/news-and-announcements/metaptyxiakoy/20-2026,2026-09-26
Ανακοινώσεις Μεταπτυχιακού,2025-06-13,"ΠΜΣ: Πρόγραμμα υποστηρίξεων διπλωματικών εργασιών ΠΜΣ κατεύθυνση Κοινωνία της Πληροφορίας, Μέσα και Τεχνολογία",https://cmc.panteion.gr/news-and-announcements/metaptyxiakoy/pms-programma-ypostirikseon-diplomatikon-ergasion-pms-kateythynsi-koinonia-tis-pliroforias-mesa-kai-texnologia,2026-09-26
Ανακοινώσεις Μεταπτυχιακού,2025-05-30,ΠΜΣ: Πρόγραμμα Εξεταστικής Χειμερινού Εξαμήνου Ακαδ. 'Ετους 2024-2025,https://cmc.panteion.gr/news-and-announcements/metaptyxiakoy/2024-2027,2026-09-26
Ανακοινώσεις Μεταπτυχιακού,2025-05-23,ΠΜΣ: Αξιολόγηση μαθημάτων εαρινού εξαμήνου,https://cmc.panteion.gr/news-and-announcements/metaptyxiakoy/aksiologisi-2,2026-09-26
Ανακοινώσεις Μεταπτυχιακού,2025-05-22,ΠΜΣ: Δηλώσεις μαθημάτων εαρινού εξαμήνου,https://cmc.panteion.gr/news-and-announcements/metaptyxiakoy/pms-diloseis-mathimaton-earinoy-eksaminou,2026-09-26
Ανακοινώσεις Μεταπτυχιακού,2025-05-12,ΠΜΣ: Μάθημα Σύγχρονο Επικοινωνιακό Περιβάλλον και Αρχαιολογία των Μέσων,https://cmc.panteion.gr/news-and-announcements/metaptyxiakoy/pms-mathima-sygxrono-epikoinoniako-perivallon-kai-arxaiologia-ton-meson,2026-09-26
Ανακοινώσεις Μεταπτυχιακού,2025-05-09,Βραβείο Digital Green Talents Award 2025 - High Potentials in Sustainable Development,https://cmc.panteion.gr/news-and-announcements/metaptyxiakoy/digital-green-talents-award-2025-high-potentials-in-sustainable-development,2026-09-26
Ανακοινώσεις Μεταπτυχιακού,2025-05-07,Kαταληκτική ημερομηνία κατάθεσης του θέματος της διπλωματικής εργασίας,https://cmc.panteion.gr/news-and-announcements/metaptyxiakoy/k-3,2026-09-26
Ανακοινώσεις Μεταπτυχιακού,2025-05-07,Οδηγίες για την κατάθεση διπλωματικών εργασιών,https://cmc.panteion.gr/news-and-announcements/metaptyxiakoy/pms-instructions-thesis,2026-09-26
Ανακοινώσεις Μεταπτυχιακού,2025-05-04,"Call for Applications - MA in Digital Transformation: e-Diplomacy, e-Campaigning & Digital Law",https://cmc.panteion.gr/news-and-announcements/metaptyxiakoy/call-for-applications-ma-in-digital-transformation-e-diplomacy-e-campaigning-digital-law,2026-09-26
Ανακοινώσεις Μεταπτυχιακού,2025-03-14,"ΑΝΑΚΟΙΝΩΣΗ ΑΠΟΤΕΛΕΣΜΑΤΩΝ ΤΗΣ ΠΡΟΣΚΛΗΣΗΣ ΤΟΥ ΠΡΟΓΡΑΜΜΑΤΟΣ ERASMUS+ BIP ""The Digital Age Unveiled: Tech, Consumption, Inequality, Culture""",https://cmc.panteion.gr/news-and-announcements/metaptyxiakoy/erasmus-bip-the-digital-age-unveiled-tech-consumption-inequality-culture-3,2026-09-26
Ανακοινώσεις Μεταπτυχιακού,2025-02-16,ΠΜΣ: Πρόγραμμα Διδασκαλίας Εαρινού Εξαμήνου,https://cmc.panteion.gr/news-and-announcements/metaptyxiakoy/pms-programma-didaskalias-earinoy-eksaminou,2026-09-26
Ανακοινώσεις Μεταπτυχιακού,2025-02-10,"Πρόσκληση υποβολής αίτησης υποψηφιότητας στο πλαίσιο του προγράμματος ERASMUS+ BIP - ""The Digital Age Unveiled: Tech, Consumption, Inequality, Culture""",https://cmc.panteion.gr/news-and-announcements/metaptyxiakoy/erasmus-bip-the-digital-age-unveiled-tech-consumption-inequality-culture-2,2026-09-26
Ανακοινώσεις Μεταπτυχιακού,2025-01-17,ΠΜΣ: Πρόγραμμα Εξετάσεων Χειμερινού Εξαμήνου 2024-25,https://cmc.panteion.gr/news-and-announcements/metaptyxiakoy/2024-25,2026-09-26
Ανακοινώσεις Μεταπτυχιακού,2024-12-17,ΠΜΣ: Κατάθεση διπλωματικών εργασιών,https://cmc.panteion.gr/news-and-announcements/metaptyxiakoy/pms-kattheseis-diplomatikon-2024,2026-09-26
Ανακοινώσεις Μεταπτυχιακού,2024-11-28,ΠΜΣ: Αξιολόγηση του διδακτικού έργου μαθημάτων χειμερινού εξαμήνου,https://cmc.panteion.gr/news-and-announcements/metaptyxiakoy/aksiologisi-tou-didaktikoy-ergou-mathimaton-xeimerinoy-eksaminou-2024a,2026-09-26
Ανακοινώσεις Μεταπτυχιακού,2024-10-15,"ΠΜΣ: Ανακοίνωση για το μάθημα ""Διοίκηση και Μάρκετινγκ""",https://cmc.panteion.gr/news-and-announcements/metaptyxiakoy/pms-anakoinosi-gia-to-mathima-dioikisi-kai-marketingk,2026-09-26
Ανακοινώσεις Μεταπτυχιακού,2024-10-07,Ώρες γραφείου Διδασκόντων/Διδασκουσών,https://cmc.panteion.gr/news-and-announcements/metaptyxiakoy/wres-grafeiou-ton-didaskonton-didaskouson-2,2026-09-26
Ανακοινώσεις Μεταπτυχιακού,2024-09-25,ΠΜΣ - Πρόγραμμα Διδασκαλίας Χειμερινού Εξαμήνου,https://cmc.panteion.gr/news-and-announcements/metaptyxiakoy/pms-programma-didaskalias-xeimerinoy-eksaminou,2026-09-26
Ανακοινώσεις Μεταπτυχιακού,2024-09-13,ΠΜΣ - Υποστήριξη διπλωματικών εργασιών,https://cmc.panteion.gr/news-and-announcements/metaptyxiakoy/pms-ypostiriksi-diplomatikon-ergasion,2026-09-26
Ανακοινώσεις Μεταπτυχιακού,2024-09-10,Ανακοίνωση Προγράμματος χορήγησης υποτροφιών κινητικότητας σε Έλληνες  υποψηφίους διδάκτορες Ελληνικών Α.Ε.Ι.,https://cmc.panteion.gr/news-and-announcements/metaptyxiakoy/anakoinosi-programmatos-xorigisis-ypotrofion-kinitikotitas-se-ellines-ypopsifious-didaktores-ellinikon-a-e-i,2026-09-26
Ανακοινώσεις Μεταπτυχιακού,2024-09-02,"ΠΜΣ - Ανακοίνωση εισαγωγικών εξετάσεων Μεταπτυχιακού Προγράμματος ""Πολιτιστική Διαχείριση, Επικοινωνία και Μέσα""",https://cmc.panteion.gr/news-and-announcements/metaptyxiakoy/pms-entrance-exams-2025,2026-09-26
Ανακοινώσεις Μεταπτυχιακού,2024-07-21,ΠΜΣ: Βραχυχρόνια κινητικότητα μεταπτυχιακών φοιτητών/φοιτητριών και υποψηφίων διδακτόρων/διδακτορισσών για Πρακτική Άσκηση Erasmus+,https://cmc.panteion.gr/news-and-announcements/metaptyxiakoy/erasmus-2,2026-09-26
Ανακοινώσεις Μεταπτυχιακού,2023-06-07,Οδηγίες για την κατάθεση διπλωματικών εργασιών,https://cmc.panteion.gr/news-and-announcements/metaptyxiakoy/odigies-gia-tin-katathesi-diplomatikon-ergasion,2026-09-26
Ανακοινώσεις Μεταπτυχιακού,2023-05-05,"Πρακτική άσκηση μεταπτυχιακών φοιτητών/τριών ή αποφοίτων του ΠΜΣ, 8μηνης διάρκειας στο Τμήμα Εταιρικής Επικοινωνίας του ΤΑΙΠΕΔ",https://cmc.panteion.gr/news-and-announcements/metaptyxiakoy/praktiki-askisi-taiped,2026-09-26
Ανακοινώσεις Μεταπτυχιακού,2023-02-20,ΠΜΣ-Πρόγραμμα Διδασκαλίας Εαρινού Εξαμήνου,https://cmc.panteion.gr/news-and-announcements/metaptyxiakoy/programma-didaskalias-earinou-eksaminou-2022,2026-09-26
Ανακοινώσεις Μεταπτυχιακού,2022-09-28,Πρόγραμμα Σπουδών ακαδ. έτους 2022-2023,https://cmc.panteion.gr/news-and-announcements/metaptyxiakoy/2022-2023,2026-09-26
Ανακοινώσεις Μεταπτυχιακού,2022-05-30,ΠΜΣ: Παραλαβή Παπύρων,https://cmc.panteion.gr/news-and-announcements/metaptyxiakoy/pms-paralavi-papyron,2026-09-26
Ανακοινώσεις Μεταπτυχιακού,2021-09-08,Μετάφραση Εγγράφων,https://cmc.panteion.gr/news-and-announcements/metaptyxiakoy/documentstranslation,2026-09-26
Ανακοινώσεις Μεταπτυχιακού,2021-08-30,Πρόγραμμα Επαναληπτικών Εξετάσεων Σεπετεμβρίου 2021,https://cmc.panteion.gr/news-and-announcements/metaptyxiakoy/pms-exams-september-2021,2026-09-26
Ανακοινώσεις Μεταπτυχιακού,2021-05-18,Kαταληκτική ημερομηνία κατάθεσης του θέματος της διπλωματικής εργασίας,https://cmc.panteion.gr/news-and-announcements/metaptyxiakoy/k,2026-09-26
Ανακοινώσεις Μεταπτυχιακού,2021-01-22,ΠΡΟΓΡΑΜΜΑ ΕΞΕΤΑΣΤΙΚΗΣ,https://cmc.panteion.gr/news-and-announcements/metaptyxiakoy/2021-01-22-11-27-15,2026-09-26
Ανακοινώσεις Μεταπτυχιακού,2020-10-12,Πρόγραμμα Διδιασκαλίας Χειμερινού Εξαμήνου,https://cmc.panteion.gr/news-and-announcements/metaptyxiakoy/2020-10-12-18-00-46,2026-09-26
Ανακοινώσεις Μεταπτυχιακού,2020-09-09,"Κοινωνία της Πληροφορίας, Μέσα και Τεχνολογία: Υποστήριξη Διπλωματικών Εργασιών",https://cmc.panteion.gr/news-and-announcements/metaptyxiakoy/2020-09-08-21-14-16,2026-09-26
Ανακοινώσεις Μεταπτυχιακού,2020-06-25,Απομακρυσμένη Εξυπηρέτηση Χρηστών - Βιβλιοθήκη & Κέντρο Πληροφόρησης,https://cmc.panteion.gr/news-and-announcements/metaptyxiakoy/2020-06-25-19-10-07,2026-09-26
Ανακοινώσεις Μεταπτυχιακού,2020-04-02,Κατάθεση Διπλωματικών,https://cmc.panteion.gr/news-and-announcements/metaptyxiakoy/2020-04-02-11-54-46,2026-09-26
Ανακοινώσεις Μεταπτυχιακού,2020-03-21,Διοίκηση και Μάρκετινγκ,https://cmc.panteion.gr/news-and-announcements/metaptyxiakoy/2020-03-21-11-00-80,2026-09-26
Ανακοινώσεις Μεταπτυχιακού,2020-02-06,Πηγές και εργαλεία εντοπισμού επιστημονικής βιβλιογραφίας,https://cmc.panteion.gr/news-and-announcements/metaptyxiakoy/2020-02-06-19-14-28,2026-09-26
Ανακοινώσεις Μεταπτυχιακού,2020-02-03,Οδηγός Συγγραφής Διπλωματικών Εργασιών,https://cmc.panteion.gr/news-and-announcements/metaptyxiakoy/2020-02-03-12-41-09,2026-09-26
Ανακοινώσεις Μεταπτυχιακού,2015-02-03,Θεσμικό πλαίσιο Π.Μ.Σ.,https://cmc.panteion.gr/news-and-announcements/metaptyxiakoy/pmsfek,2026-09-26
Νέα του Τμήματος,,Ο Καθηγητής  Χρήστος Δερμεντζόπουλος προλογίζει την προβολή της ταινίας «Διόρθωση» του Θάνου Αναστόπουλου,https://cmc.panteion.gr/nea/o-kathigitis-tou-tmimatos-mas-xristos-dermentzopoulos-prologizei-tin-provoli-tis-tainias-diorthosi-tou-thanou-anastopoulou,2026-09-26
Νέα του Τμήματος,,Με τον Καθηγητή του Τμήματος Χρήστο Δερμεντζόπουλο ανοίγει ο νέος κύκλος Σεμιναρίων του Ινστιτούτου Νίκος Πουλαντζάς,https://cmc.panteion.gr/nea/me-ton-kathigiti-tou-tmimatos-xristo-dermentzopoulo-anoigei-o-neos-kyklos-seminarion-tou-institoytou-nikos-poulantzas,2026-09-26
Νέα του Τμήματος,,Επιτυχής ολοκλήρωση του GEOJO Summer School με τη συμμετοχή 10 φοιτητών και φοιτητριών & διδασκόντων του Τμήματος,https://cmc.panteion.gr/nea/geojo-summer-school-10,2026-09-26
Νέα του Τμήματος,,Με μεγάλη θλίψη αποχαιρετούμε τον απόφοιτο του Τμήματός μας Λουκά Πετρούνια,https://cmc.panteion.gr/nea/me-megali-thlipsi-apoxairetoyme-ton-apofoito-tou-tmimatos-mas-louka-petroynia,2026-09-26
Νέα του Τμήματος,,"Μεταπτυχιακό Δίπλωμα Ειδίκευσης στην Κοινωνία της Πληροφορίας, Μέσα και Τεχνολογία: Παράταση υποβολής αιτήσεων έως τη Δευτέρα 7 Σεπτεμβρίου 2026",https://cmc.panteion.gr/nea/pms-paratasi,2026-09-26
Νέα του Τμήματος,,Προβολή προκήρυξης →,https://cmc.panteion.gr/nea/prokiryksi-programmatos-metaptyxiakon-spoudon-metaptyxiako-diploma-eidikefsis-stin-koinonia-tis-pliroforias-mesa-kai-texnologia,2026-09-26
Νέα του Τμήματος,,"Συμμετοχή της αναπλ. καθηγήτριας Διαφήμισης και Δημοσίων Σχέσεων, Μπ. Τσακαρέστου στο Podcast της LIFO με τον κ. Γιάννη Πανταζόπουλο  ""Ακου την Επιστήμη""",https://cmc.panteion.gr/nea/podcast-lifo,2026-09-26
Νέα του Τμήματος,,Το Εργαστήριο Διαφήμισης και Δημοσίων Σχέσεων ανέλαβε την επιμέλεια του e-Βοοκ του  ετήσιου συνεδρίου Innovation Greece 7.0: Reimagining the Future,https://cmc.panteion.gr/nea/adandprlab-e-innovation-greece-7-0-reimagining-the-future,2026-09-26
Νέα του Τμήματος,,Πρόσκληση εκδήλωσης ενδιαφέροντος για υποβολή αιτήσεων από κατόχους διδακτορικού στο πλαίσιο της πράξης  «Απόκτηση Ακαδημαϊκής Διδακτικής Εμπειρίας»,https://cmc.panteion.gr/nea/espa-2026-2027,2026-09-26
Νέα του Τμήματος,,Συνέντευξη της Αναπλ. Καθηγήτριας Δ. Ιορδάνογλου στο HR Professional με τίτλο «Το μέλλον ανήκει στους οργανισμούς που μαθαίνουν»,https://cmc.panteion.gr/nea/hr-professional,2026-09-28
Νέα του Τμήματος,,"Μέλη του Τμήματος συμμετέχουν σε πάνελ στο Παρίσι για τα 25 χρόνια ριάλιτι στην ελληνική τηλεόραση, με αφορμή νέο συλλογικό βιβλίο.",https://cmc.panteion.gr/nea/25,2026-09-29
